N,west_germany,usa,france,uk,canada,japan,west_germany_recall,west_germany_precision,west_germany_f1,usa_recall,usa_precision,usa_f1,france_recall,france_precision,france_f1,uk_recall,uk_precision,uk_f1,canada_recall,canada_precision,canada_f1,japan_recall,japan_precision,japan_f1,accuracy,recall,precision,f1
2,8,394,0,37,54,7,0.125,1.0,0.15203761755485892,0.08121827411167512,0.9411764705882353,0.11450071931830759,0.0,0.0,0.0,0.16216216216216217,0.5,0.17665806647442706,0.9814814814814815,0.12072892938496584,0.3239649631356733,0.7142857142857143,0.35714285714285715,0.3051273985530041,0.194,0.8126857831971057,0.194,0.1449918652212065
3,8,394,0,37,54,7,0.125,1.0,0.14686468646864687,0.09137055837563451,0.9,0.12075528587042551,0.0,0.0,0.0,0.8108108108108109,0.07142857142857142,0.2919149401410375,0.3148148148148148,0.6538461538461539,0.22741620321659403,0.7142857142857143,0.38461538461538464,0.2849823887287864,0.178,0.8064857142857144,0.178,0.1476574092094256
5,8,394,0,37,54,7,0.0,0.0,0.0,0.9238578680203046,0.8465116279069768,0.8540207672168739,0.0,0.0,0.0,0.13513513513513514,0.5555555555555556,0.23096166152772124,0.42592592592592593,0.46938775510204084,0.5544356062906065,0.7142857142857143,0.4166666666666667,0.7520363705247205,0.794,0.7646894847861625,0.794,0.7604670821866796
10,8,394,0,37,54,7,0.0,0.0,0.0,0.9822335025380711,0.841304347826087,0.8985463355542096,0.0,0.0,0.0,0.13513513513513514,0.7142857142857143,0.2323493096868335,0.3148148148148148,0.8095238095238095,0.4561835623541613,0.7142857142857143,0.4166666666666667,0.766950722489811,0.828,0.8090668737060043,0.828,0.7852534961826496
