Summary,t1,t2,t3,t4,t5,t6,t7,t8,t9,t10,t11,T
almost_none Block Groups that are in poor area AND insufficient share of bedrooms are practically worthless,0.9180278016239731,0.824740928903386,0.05732484076433121,0.1237751592356688,1.0,0.8,0.8,0.824740928903386,0.813288695813266,0.813288695813266,0.5,0.6795624591870252
around 20 % Block Groups that are in poor area AND insufficient share of bedrooms are practically worthless,0.022539460621437434,0.824740928903386,0.05732484076433121,0.1237751592356688,1.0,0.6283077811150161,0.6283077811150161,0.824740928903386,0.813288695813266,0.813288695813266,0.5,0.5669376611167976
nearly 1/3 Block Groups that are in poor area AND insufficient share of bedrooms are practically worthless,0.0,0.824740928903386,0.05732484076433121,0.1237751592356688,1.0,0.8,0.8,0.824740928903386,0.813288695813266,0.813288695813266,0.5,0.5961053863121185
approximately half Block Groups that are in poor area AND insufficient share of bedrooms are practically worthless,0.0,0.824740928903386,0.05732484076433121,0.1237751592356688,1.0,0.7,0.7,0.824740928903386,0.813288695813266,0.813288695813266,0.5,0.5779235681303003
most Block Groups that are in poor area AND insufficient share of bedrooms are practically worthless,0.0,0.824740928903386,0.05732484076433121,0.1237751592356688,1.0,0.55,0.55,0.824740928903386,0.813288695813266,0.813288695813266,0.5,0.550650840857573
almost all Block Groups that are in poor area AND insufficient share of bedrooms are practically worthless,0.0,0.824740928903386,0.05732484076433121,0.1237751592356688,1.0,0.8,0.8,0.824740928903386,0.813288695813266,0.813288695813266,0.5,0.5961053863121185
