Summary,t1,t2,t3,t4,t5,t6,t7,t8,t9,t10,t11,T
almost_none houses in Block Groups that are new AND multi family prevalent have balanced room distribution AND moderately priced homes,0.0,0.6426083966799552,0.4444444444444444,0.04293174555555557,0.5,0.8,0.8,0.6426083966799552,0.5431966332597207,0.5431966332597207,0.5,0.49627147726175935
around 20 % houses in Block Groups that are new AND multi family prevalent have balanced room distribution AND moderately priced homes,0.0,0.6426083966799552,0.4444444444444444,0.04293174555555557,0.5,0.6283077811150161,0.6283077811150161,0.6426083966799552,0.5431966332597207,0.5431966332597207,0.5,0.46505471019176226
nearly 1/3 houses in Block Groups that are new AND multi family prevalent have balanced room distribution AND moderately priced homes,0.0,0.6426083966799552,0.4444444444444444,0.04293174555555557,0.5,0.8,0.8,0.6426083966799552,0.5431966332597207,0.5431966332597207,0.5,0.49627147726175935
approximately half houses in Block Groups that are new AND multi family prevalent have balanced room distribution AND moderately priced homes,1.0,0.6426083966799552,0.4444444444444444,0.04293174555555557,0.5,0.7,0.7,0.6426083966799552,0.5431966332597207,0.5431966332597207,0.5,0.5689987499890319
most houses in Block Groups that are new AND multi family prevalent have balanced room distribution AND moderately priced homes,0.0,0.6426083966799552,0.4444444444444444,0.04293174555555557,0.5,0.55,0.55,0.6426083966799552,0.5431966332597207,0.5431966332597207,0.5,0.4508169318072139
almost all houses in Block Groups that are new AND multi family prevalent have balanced room distribution AND moderately priced homes,0.0,0.6426083966799552,0.4444444444444444,0.04293174555555557,0.5,0.8,0.8,0.6426083966799552,0.5431966332597207,0.5431966332597207,0.5,0.49627147726175935
