Summary,t1,t2,t3,t4,t5,t6,t7,t8,t9,t10,t11,T
almost_none houses in Block Groups that are new AND multi family prevalent AND within city bounds(LA) have moderately priced homes,0.0,0.6168137256289832,0.6666666666666666,0.06696666666666662,1.0,0.8,0.8,0.6168137256289832,0.7698314786334313,0.7698314786334313,0.25,0.5779021583507421
around 20 % houses in Block Groups that are new AND multi family prevalent AND within city bounds(LA) have moderately priced homes,0.0,0.6168137256289832,0.6666666666666666,0.06696666666666662,1.0,0.6283077811150161,0.6283077811150161,0.6168137256289832,0.7698314786334313,0.7698314786334313,0.25,0.546685391280745
nearly 1/3 houses in Block Groups that are new AND multi family prevalent AND within city bounds(LA) have moderately priced homes,0.0,0.6168137256289832,0.6666666666666666,0.06696666666666662,1.0,0.8,0.8,0.6168137256289832,0.7698314786334313,0.7698314786334313,0.25,0.5779021583507421
approximately half houses in Block Groups that are new AND multi family prevalent AND within city bounds(LA) have moderately priced homes,0.0,0.6168137256289832,0.6666666666666666,0.06696666666666662,1.0,0.7,0.7,0.6168137256289832,0.7698314786334313,0.7698314786334313,0.25,0.5597203401689238
most houses in Block Groups that are new AND multi family prevalent AND within city bounds(LA) have moderately priced homes,0.6841664610058592,0.6168137256289832,0.6666666666666666,0.06696666666666662,1.0,0.55,0.55,0.6168137256289832,0.7698314786334313,0.7698314786334313,0.25,0.5946445638967293
almost all houses in Block Groups that are new AND multi family prevalent AND within city bounds(LA) have moderately priced homes,0.0,0.6168137256289832,0.6666666666666666,0.06696666666666662,1.0,0.8,0.8,0.6168137256289832,0.7698314786334313,0.7698314786334313,0.25,0.5779021583507421
