Summary,t1,t2,t3,t4,t5,t6,t7,t8,t9,t10,t11,T
almost_none houses in Block Groups that are new have moderately priced homes AND within city bounds(LA) AND low income area,0.8284164373113525,0.8351686899358758,0.1523702031602709,0.12526215921572909,0.25,0.8,0.8,0.8351686899358758,0.7522051874100107,0.7522051874100107,1.0,0.6482542322162842
around 20 % houses in Block Groups that are new have moderately priced homes AND within city bounds(LA) AND low income area,0.04558246977045091,0.8351686899358758,0.1523702031602709,0.12526215921572909,0.25,0.6283077811150161,0.6283077811150161,0.8351686899358758,0.7522051874100107,0.7522051874100107,1.0,0.5458707408243869
nearly 1/3 houses in Block Groups that are new have moderately priced homes AND within city bounds(LA) AND low income area,0.0,0.8351686899358758,0.1523702031602709,0.12526215921572909,0.25,0.8,0.8,0.8351686899358758,0.7522051874100107,0.7522051874100107,1.0,0.5729436470061613
approximately half houses in Block Groups that are new have moderately priced homes AND within city bounds(LA) AND low income area,0.0,0.8351686899358758,0.1523702031602709,0.12526215921572909,0.25,0.7,0.7,0.8351686899358758,0.7522051874100107,0.7522051874100107,1.0,0.554761828824343
most houses in Block Groups that are new have moderately priced homes AND within city bounds(LA) AND low income area,0.0,0.8351686899358758,0.1523702031602709,0.12526215921572909,0.25,0.55,0.55,0.8351686899358758,0.7522051874100107,0.7522051874100107,1.0,0.5274891015516158
almost all houses in Block Groups that are new have moderately priced homes AND within city bounds(LA) AND low income area,0.0,0.8351686899358758,0.1523702031602709,0.12526215921572909,0.25,0.8,0.8,0.8351686899358758,0.7522051874100107,0.7522051874100107,1.0,0.5729436470061613
