Summary,t1,t2,t3,t4,t5,t6,t7,t8,t9,t10,t11,T
almost_none houses in Block Groups that are new AND multi family prevalent have moderately priced homes,0.0,0.6168137256289832,0.5555555555555556,0.04414444444444443,1.0,0.8,0.8,0.6168137256289832,0.5431966332597207,0.5431966332597207,0.5,0.5472473379797644
around 20 % houses in Block Groups that are new AND multi family prevalent have moderately priced homes,0.0,0.6168137256289832,0.5555555555555556,0.04414444444444443,1.0,0.6283077811150161,0.6283077811150161,0.6168137256289832,0.5431966332597207,0.5431966332597207,0.5,0.5160305709097673
nearly 1/3 houses in Block Groups that are new AND multi family prevalent have moderately priced homes,0.0,0.6168137256289832,0.5555555555555556,0.04414444444444443,1.0,0.8,0.8,0.6168137256289832,0.5431966332597207,0.5431966332597207,0.5,0.5472473379797644
approximately half houses in Block Groups that are new AND multi family prevalent have moderately priced homes,0.22450755699354513,0.6168137256289832,0.5555555555555556,0.04414444444444443,1.0,0.7,0.7,0.6168137256289832,0.5431966332597207,0.5431966332597207,0.5,0.5494752977064502
most houses in Block Groups that are new AND multi family prevalent have moderately priced homes,0.5169949620043034,0.6168137256289832,0.5555555555555556,0.04414444444444443,1.0,0.55,0.55,0.6168137256289832,0.5431966332597207,0.5431966332597207,0.5,0.54879233452561
almost all houses in Block Groups that are new AND multi family prevalent have moderately priced homes,0.0,0.6168137256289832,0.5555555555555556,0.04414444444444443,1.0,0.8,0.8,0.6168137256289832,0.5431966332597207,0.5431966332597207,0.5,0.5472473379797644
