Summary,t1,t2,t3,t4,t5,t6,t7,t8,t9,t10,t11,T
almost_none houses in Block Groups that are new AND multi family prevalent AND low income area have balanced room distribution AND moderately priced homes,0.0,0.6426083966799552,0.5714285714285714,0.08405238142857141,0.5,0.8,0.8,0.6426083966799552,0.6531330970988809,0.6531330970988809,0.25,0.5088149036740742
around 20 % houses in Block Groups that are new AND multi family prevalent AND low income area have balanced room distribution AND moderately priced homes,0.0,0.6426083966799552,0.5714285714285714,0.08405238142857141,0.5,0.6283077811150161,0.6283077811150161,0.6426083966799552,0.6531330970988809,0.6531330970988809,0.25,0.4775981366040771
nearly 1/3 houses in Block Groups that are new AND multi family prevalent AND low income area have balanced room distribution AND moderately priced homes,0.0,0.6426083966799552,0.5714285714285714,0.08405238142857141,0.5,0.8,0.8,0.6426083966799552,0.6531330970988809,0.6531330970988809,0.25,0.5088149036740742
approximately half houses in Block Groups that are new AND multi family prevalent AND low income area have balanced room distribution AND moderately priced homes,0.3115453611872621,0.6426083966799552,0.5714285714285714,0.08405238142857141,0.5,0.7,0.7,0.6426083966799552,0.6531330970988809,0.6531330970988809,0.25,0.5189553910547343
most houses in Block Groups that are new AND multi family prevalent AND low income area have balanced room distribution AND moderately priced homes,0.4589697592084921,0.6426083966799552,0.5714285714285714,0.08405238142857141,0.5,0.55,0.55,0.6426083966799552,0.6531330970988809,0.6531330970988809,0.25,0.5050848817839371
almost all houses in Block Groups that are new AND multi family prevalent AND low income area have balanced room distribution AND moderately priced homes,0.0,0.6426083966799552,0.5714285714285714,0.08405238142857141,0.5,0.8,0.8,0.6426083966799552,0.6531330970988809,0.6531330970988809,0.25,0.5088149036740742
