Summary,t1,t2,t3,t4,t5,t6,t7,t8,t9,t10,t11,T
almost_none Block Groups are in poor area AND insufficient share of bedrooms,1.0,0.813288695813266,0.0157,0.00920704,0.5,0.8,0.8,0.813288695813266,0.0,0.0,0.5,0.4774076756024121
around 20 % Block Groups are in poor area AND insufficient share of bedrooms,0.0,0.813288695813266,0.0157,0.00920704,0.5,0.6283077811150161,0.6283077811150161,0.813288695813266,0.0,0.0,0.5,0.35528181762332406
nearly 1/3 Block Groups are in poor area AND insufficient share of bedrooms,0.0,0.813288695813266,0.0157,0.00920704,0.5,0.8,0.8,0.813288695813266,0.0,0.0,0.5,0.38649858469332116
approximately half Block Groups are in poor area AND insufficient share of bedrooms,0.0,0.813288695813266,0.0157,0.00920704,0.5,0.7,0.7,0.813288695813266,0.0,0.0,0.5,0.3683167665115029
most Block Groups are in poor area AND insufficient share of bedrooms,0.0,0.813288695813266,0.0157,0.00920704,0.5,0.55,0.55,0.813288695813266,0.0,0.0,0.5,0.34104403923877563
almost all Block Groups are in poor area AND insufficient share of bedrooms,0.0,0.813288695813266,0.0157,0.00920704,0.5,0.8,0.8,0.813288695813266,0.0,0.0,0.5,0.38649858469332116
