Summary,t1,t2,t3,t4,t5,t6,t7,t8,t9,t10,t11,T
almost_none Block Groups that are practically unpopulated are within city bounds(LA) AND luxury estates,0.8356077338910557,0.8848759266751413,0.0776255707762557,0.024413340776255704,0.5,0.8,0.8,0.8848759266751413,0.9311308066351691,0.9311308066351691,1.0,0.6972418283694717
around 20 % Block Groups that are practically unpopulated are within city bounds(LA) AND luxury estates,0.04319280786392881,0.8848759266751413,0.0776255707762557,0.024413340776255704,0.5,0.6283077811150161,0.6283077811150161,0.8848759266751413,0.9311308066351691,0.9311308066351691,1.0,0.5939873407515539
nearly 1/3 Block Groups that are practically unpopulated are within city bounds(LA) AND luxury estates,0.0,0.8848759266751413,0.0776255707762557,0.024413340776255704,0.5,0.8,0.8,0.8848759266751413,0.9311308066351691,0.9311308066351691,1.0,0.6212774889248303
approximately half Block Groups that are practically unpopulated are within city bounds(LA) AND luxury estates,0.0,0.8848759266751413,0.0776255707762557,0.024413340776255704,0.5,0.7,0.7,0.8848759266751413,0.9311308066351691,0.9311308066351691,1.0,0.603095670743012
most Block Groups that are practically unpopulated are within city bounds(LA) AND luxury estates,0.0,0.8848759266751413,0.0776255707762557,0.024413340776255704,0.5,0.55,0.55,0.8848759266751413,0.9311308066351691,0.9311308066351691,1.0,0.5758229434702847
almost all Block Groups that are practically unpopulated are within city bounds(LA) AND luxury estates,0.0,0.8848759266751413,0.0776255707762557,0.024413340776255704,0.5,0.8,0.8,0.8848759266751413,0.9311308066351691,0.9311308066351691,1.0,0.6212774889248303
