Summary,t1,t2,t3,t4,t5,t6,t7,t8,t9,t10,t11,T
almost_none houses in Block Groups that are new have moderately priced homes AND within city bounds(LA),0.7244946724795134,0.8503610790844707,0.17720090293453725,0.1633687270654627,0.5,0.8,0.8,0.8503610790844707,0.7522051874100107,0.7522051874100107,1.0,0.6700178941334979
around 20 % houses in Block Groups that are new have moderately priced homes AND within city bounds(LA),0.09423002730155236,0.8503610790844707,0.17720090293453725,0.1633687270654627,0.5,0.6283077811150161,0.6283077811150161,0.8503610790844707,0.7522051874100107,0.7522051874100107,1.0,0.5815043411382316
nearly 1/3 houses in Block Groups that are new have moderately priced homes AND within city bounds(LA),0.0,0.8503610790844707,0.17720090293453725,0.1633687270654627,0.5,0.8,0.8,0.8503610790844707,0.7522051874100107,0.7522051874100107,1.0,0.6041547420899057
approximately half houses in Block Groups that are new have moderately priced homes AND within city bounds(LA),0.0,0.8503610790844707,0.17720090293453725,0.1633687270654627,0.5,0.7,0.7,0.8503610790844707,0.7522051874100107,0.7522051874100107,1.0,0.5859729239080875
most houses in Block Groups that are new have moderately priced homes AND within city bounds(LA),0.0,0.8503610790844707,0.17720090293453725,0.1633687270654627,0.5,0.55,0.55,0.8503610790844707,0.7522051874100107,0.7522051874100107,1.0,0.5587001966353602
almost all houses in Block Groups that are new have moderately priced homes AND within city bounds(LA),0.0,0.8503610790844707,0.17720090293453725,0.1633687270654627,0.5,0.8,0.8,0.8503610790844707,0.7522051874100107,0.7522051874100107,1.0,0.6041547420899057
