Summary,t1,t2,t3,t4,t5,t6,t7,t8,t9,t10,t11,T
almost_none houses in Block Groups that are new have moderately priced homes,0.0,0.6168137256289832,0.6275395033860045,0.027839503386004494,1.0,0.8,0.8,0.6168137256289832,0.7522051874100107,0.7522051874100107,1.0,0.6357651666227271
around 20 % houses in Block Groups that are new have moderately priced homes,0.31596986358205875,0.6168137256289832,0.6275395033860045,0.027839503386004494,1.0,0.6283077811150161,0.6283077811150161,0.6168137256289832,0.7522051874100107,0.7522051874100107,1.0,0.6332729326056444
nearly 1/3 houses in Block Groups that are new have moderately priced homes,0.5179647152383272,0.6168137256289832,0.6275395033860045,0.027839503386004494,1.0,0.8,0.8,0.6168137256289832,0.7522051874100107,0.7522051874100107,1.0,0.6828528680080296
approximately half houses in Block Groups that are new have moderately priced homes,0.0,0.6168137256289832,0.6275395033860045,0.027839503386004494,1.0,0.7,0.7,0.6168137256289832,0.7522051874100107,0.7522051874100107,1.0,0.6175833484409089
most houses in Block Groups that are new have moderately priced homes,0.0,0.6168137256289832,0.6275395033860045,0.027839503386004494,1.0,0.55,0.55,0.6168137256289832,0.7522051874100107,0.7522051874100107,1.0,0.5903106211681816
almost all houses in Block Groups that are new have moderately priced homes,0.0,0.6168137256289832,0.6275395033860045,0.027839503386004494,1.0,0.8,0.8,0.6168137256289832,0.7522051874100107,0.7522051874100107,1.0,0.6357651666227271
