Summary,t1,t2,t3,t4,t5,t6,t7,t8,t9,t10,t11,T
almost_none Block Groups that are practically unpopulated are within city bounds(LA),0.0,0.941564173483199,0.5451814467676039,0.02271855323239602,1.0,0.8,0.8,0.941564173483199,0.9311308066351691,0.9311308066351691,1.0,0.7193899963851579
around 20 % Block Groups that are practically unpopulated are within city bounds(LA),0.0,0.941564173483199,0.5451814467676039,0.02271855323239602,1.0,0.6283077811150161,0.6283077811150161,0.941564173483199,0.9311308066351691,0.9311308066351691,1.0,0.6881732293151608
nearly 1/3 Block Groups that are practically unpopulated are within city bounds(LA),0.0,0.941564173483199,0.5451814467676039,0.02271855323239602,1.0,0.8,0.8,0.941564173483199,0.9311308066351691,0.9311308066351691,1.0,0.7193899963851579
approximately half Block Groups that are practically unpopulated are within city bounds(LA),1.0,0.941564173483199,0.5451814467676039,0.02271855323239602,1.0,0.7,0.7,0.941564173483199,0.9311308066351691,0.9311308066351691,1.0,0.7921172691124305
most Block Groups that are practically unpopulated are within city bounds(LA),0.0,0.941564173483199,0.5451814467676039,0.02271855323239602,1.0,0.55,0.55,0.941564173483199,0.9311308066351691,0.9311308066351691,1.0,0.6739354509306124
almost all Block Groups that are practically unpopulated are within city bounds(LA),0.0,0.941564173483199,0.5451814467676039,0.02271855323239602,1.0,0.8,0.8,0.941564173483199,0.9311308066351691,0.9311308066351691,1.0,0.7193899963851579
