Summary,t1,t2,t3,t4,t5,t6,t7,t8,t9,t10,t11,T
almost_none Block Groups where studio apartments dominant are practically worthless,0.7495606099809526,0.824740928903386,0.1368345837799214,0.044265416220078624,1.0,0.8,0.8,0.824740928903386,0.868421052631579,0.868421052631579,1.0,0.719725870277353
around 20 % Block Groups where studio apartments dominant are practically worthless,0.0797957538248037,0.824740928903386,0.1368345837799214,0.044265416220078624,1.0,0.6283077811150161,0.6283077811150161,0.824740928903386,0.868421052631579,0.868421052631579,1.0,0.6276213890113425
nearly 1/3 Block Groups where studio apartments dominant are practically worthless,0.0,0.824740928903386,0.1368345837799214,0.044265416220078624,1.0,0.8,0.8,0.824740928903386,0.868421052631579,0.868421052631579,1.0,0.651583996642721
approximately half Block Groups where studio apartments dominant are practically worthless,0.0,0.824740928903386,0.1368345837799214,0.044265416220078624,1.0,0.7,0.7,0.824740928903386,0.868421052631579,0.868421052631579,1.0,0.6334021784609027
most Block Groups where studio apartments dominant are practically worthless,0.0,0.824740928903386,0.1368345837799214,0.044265416220078624,1.0,0.55,0.55,0.824740928903386,0.868421052631579,0.868421052631579,1.0,0.6061294511881755
almost all Block Groups where studio apartments dominant are practically worthless,0.0,0.824740928903386,0.1368345837799214,0.044265416220078624,1.0,0.8,0.8,0.824740928903386,0.868421052631579,0.868421052631579,1.0,0.651583996642721
