Summary,t1,t2,t3,t4,t5,t6,t7,t8,t9,t10,t11,T
few houses in Block Groups are predominantly single small family,0.0,0.868421052631579,0.8832,0.0,1.0,0.965,0.965,0.868421052631579,0.0,0.0,1.0,0.5954583732057417
hundreds houses in Block Groups are predominantly single small family,0.0,0.868421052631579,0.8832,0.0,1.0,0.91,0.91,0.868421052631579,0.0,0.0,1.0,0.5854583732057418
around 1000 houses in Block Groups are predominantly single small family,0.0,0.868421052631579,0.8832,0.0,1.0,0.7769846686690097,0.7769846686690097,0.868421052631579,0.0,0.0,1.0,0.561273767509198
close to 2000-3000 houses in Block Groups are predominantly single small family,0.0,0.868421052631579,0.8832,0.0,1.0,0.65,0.65,0.868421052631579,0.0,0.0,1.0,0.5381856459330144
approximately 5000 houses in Block Groups are predominantly single small family,0.010790463309935947,0.868421052631579,0.8832,0.0,1.0,0.4052924497840259,0.4052924497840259,0.868421052631579,0.0,0.0,1.0,0.49467431528555883
nearly 6000 houses in Block Groups are predominantly single small family,0.3712521782187623,0.868421052631579,0.8832,0.0,1.0,0.25661556223003246,0.25661556223003246,0.868421052631579,0.0,0.0,1.0,0.5004114007219987
above 7500 houses in Block Groups are predominantly single small family,0.40774551793036423,0.868421052631579,0.8832,0.0,1.0,0.6,0.6,0.868421052631579,0.0,0.0,1.0,0.5661625111994112
