Summary,t1,t2,t3,t4,t5,t6,t7,t8,t9,t10,t11,T
almost_none Block Groups that are in poor area have insufficient share of bedrooms,1.0,0.7222222222222222,0.03917165668662675,0.02297165668662675,1.0,0.8,0.8,0.7222222222222222,0.8745,0.8745,1.0,0.7141443416197908
around 20 % Block Groups that are in poor area have insufficient share of bedrooms,0.002304717839553943,0.7222222222222222,0.03917165668662675,0.02297165668662675,1.0,0.6283077811150161,0.6283077811150161,0.7222222222222222,0.8745,0.8745,1.0,0.5922280034442986
nearly 1/3 Block Groups that are in poor area have insufficient share of bedrooms,0.0,0.7222222222222222,0.03917165668662675,0.02297165668662675,1.0,0.8,0.8,0.7222222222222222,0.8745,0.8745,1.0,0.6232352507107
approximately half Block Groups that are in poor area have insufficient share of bedrooms,0.0,0.7222222222222222,0.03917165668662675,0.02297165668662675,1.0,0.7,0.7,0.7222222222222222,0.8745,0.8745,1.0,0.6050534325288817
most Block Groups that are in poor area have insufficient share of bedrooms,0.0,0.7222222222222222,0.03917165668662675,0.02297165668662675,1.0,0.55,0.55,0.7222222222222222,0.8745,0.8745,1.0,0.5777807052561544
almost all Block Groups that are in poor area have insufficient share of bedrooms,0.0,0.7222222222222222,0.03917165668662675,0.02297165668662675,1.0,0.8,0.8,0.7222222222222222,0.8745,0.8745,1.0,0.6232352507107
