Summary,t1,t2,t3,t4,t5,t6,t7,t8,t9,t10,t11,T
few Block Groups have excessive share of bedrooms,0.6083566976611207,0.6666666666666667,0.0437,0.0,1.0,0.965,0.965,0.6666666666666667,0.0,0.0,1.0,0.5377627300904049
hundreds Block Groups have excessive share of bedrooms,0.18537577909303876,0.6666666666666667,0.0437,0.0,1.0,0.91,0.91,0.6666666666666667,0.0,0.0,1.0,0.4893099193114884
around 1000 Block Groups have excessive share of bedrooms,0.01597252969843511,0.6666666666666667,0.0437,0.0,1.0,0.7769846686690097,0.7769846686690097,0.6666666666666667,0.0,0.0,1.0,0.4497250182154353
close to 2000-3000 Block Groups have excessive share of bedrooms,0.0,0.6666666666666667,0.0437,0.0,1.0,0.65,0.65,0.6666666666666667,0.0,0.0,1.0,0.4251848484848485
approximately 5000 Block Groups have excessive share of bedrooms,0.0,0.6666666666666667,0.0437,0.0,1.0,0.4052924497840259,0.4052924497840259,0.6666666666666667,0.0,0.0,1.0,0.3806925666273987
nearly 6000 Block Groups have excessive share of bedrooms,0.0,0.6666666666666667,0.0437,0.0,1.0,0.25661556223003246,0.25661556223003246,0.6666666666666667,0.0,0.0,1.0,0.35366040525394526
above 7500 Block Groups have excessive share of bedrooms,0.0,0.6666666666666667,0.0437,0.0,1.0,0.6,0.6,0.6666666666666667,0.0,0.0,1.0,0.41609393939393935
