Summary,t1,t2,t3,t4,t5,t6,t7,t8,t9,t10,t11,T
almost_none Block Groups that are practically worthless are nearby city(SF),0.7544084666236809,0.8790322580645161,0.12258420762009939,0.05248420762009939,1.0,0.8,0.8,0.8790322580645161,0.824740928903386,0.824740928903386,1.0,0.7215475687090622
around 20 % Block Groups that are practically worthless are nearby city(SF),0.07722016855872783,0.8790322580645161,0.12258420762009939,0.05248420762009939,1.0,0.6283077811150161,0.6283077811150161,0.8790322580645161,0.824740928903386,0.824740928903386,1.0,0.6287682290877058
nearly 1/3 Block Groups that are practically worthless are nearby city(SF),0.0,0.8790322580645161,0.12258420762009939,0.05248420762009939,1.0,0.8,0.8,0.8790322580645161,0.824740928903386,0.824740928903386,1.0,0.6529649808341821
approximately half Block Groups that are practically worthless are nearby city(SF),0.0,0.8790322580645161,0.12258420762009939,0.05248420762009939,1.0,0.7,0.7,0.8790322580645161,0.824740928903386,0.824740928903386,1.0,0.634783162652364
most Block Groups that are practically worthless are nearby city(SF),0.0,0.8790322580645161,0.12258420762009939,0.05248420762009939,1.0,0.55,0.55,0.8790322580645161,0.824740928903386,0.824740928903386,1.0,0.6075104353796367
almost all Block Groups that are practically worthless are nearby city(SF),0.0,0.8790322580645161,0.12258420762009939,0.05248420762009939,1.0,0.8,0.8,0.8790322580645161,0.824740928903386,0.824740928903386,1.0,0.6529649808341821
