Summary,t1,t2,t3,t4,t5,t6,t7,t8,t9,t10,t11,T
almost_none Block Groups that are aged AND practically worthless have predominantly single big family,0.0,0.736842105263158,0.5423728813559322,0.13577288135593218,1.0,0.8,0.8,0.736842105263158,0.7039771367811145,0.7039771367811145,0.5,0.6054349315273099
around 20 % Block Groups that are aged AND practically worthless have predominantly single big family,0.00356444416879968,0.736842105263158,0.5423728813559322,0.13577288135593218,1.0,0.6283077811150161,0.6283077811150161,0.736842105263158,0.7039771367811145,0.7039771367811145,0.5,0.5745422048362946
nearly 1/3 Block Groups that are aged AND practically worthless have predominantly single big family,0.9124430759655088,0.736842105263158,0.5423728813559322,0.13577288135593218,1.0,0.8,0.8,0.736842105263158,0.7039771367811145,0.7039771367811145,0.5,0.6883843020696289
approximately half Block Groups that are aged AND practically worthless have predominantly single big family,0.17880123163104217,0.736842105263158,0.5423728813559322,0.13577288135593218,1.0,0.7,0.7,0.736842105263158,0.7039771367811145,0.7039771367811145,0.5,0.6035077707664954
most Block Groups that are aged AND practically worthless have predominantly single big family,0.0,0.736842105263158,0.5423728813559322,0.13577288135593218,1.0,0.55,0.55,0.736842105263158,0.7039771367811145,0.7039771367811145,0.5,0.5599803860727645
almost all Block Groups that are aged AND practically worthless have predominantly single big family,0.0,0.736842105263158,0.5423728813559322,0.13577288135593218,1.0,0.8,0.8,0.736842105263158,0.7039771367811145,0.7039771367811145,0.5,0.6054349315273099
