Summary,t1,t2,t3,t4,t5,t6,t7,t8,t9,t10,t11,T
almost_none Block Groups that have predominantly single big family are aged AND practically worthless,1.0,0.7039771367811145,0.11805213969503198,0.012162969695031972,0.5,0.8,0.8,0.7039771367811145,0.736842105263158,0.736842105263158,1.0,0.6465321448616917
around 20 % Block Groups that have predominantly single big family are aged AND practically worthless,0.006983772588612812,0.7039771367811145,0.11805213969503198,0.012162969695031972,0.5,0.6283077811150161,0.6283077811150161,0.7039771367811145,0.736842105263158,0.736842105263158,1.0,0.5250411752997504
nearly 1/3 Block Groups that have predominantly single big family are aged AND practically worthless,0.0,0.7039771367811145,0.11805213969503198,0.012162969695031972,0.5,0.8,0.8,0.7039771367811145,0.736842105263158,0.736842105263158,1.0,0.5556230539526009
approximately half Block Groups that have predominantly single big family are aged AND practically worthless,0.0,0.7039771367811145,0.11805213969503198,0.012162969695031972,0.5,0.7,0.7,0.7039771367811145,0.736842105263158,0.736842105263158,1.0,0.5374412357707826
most Block Groups that have predominantly single big family are aged AND practically worthless,0.0,0.7039771367811145,0.11805213969503198,0.012162969695031972,0.5,0.55,0.55,0.7039771367811145,0.736842105263158,0.736842105263158,1.0,0.5101685084980554
almost all Block Groups that have predominantly single big family are aged AND practically worthless,0.0,0.7039771367811145,0.11805213969503198,0.012162969695031972,0.5,0.8,0.8,0.7039771367811145,0.736842105263158,0.736842105263158,1.0,0.5556230539526009
