Summary,t1,t2,t3,t4,t5,t6,t7,t8,t9,t10,t11,T
almost_none Block Groups that have predominantly single big family AND practically worthless are aged,0.0,0.5,0.5454545454545454,0.03924545454545458,1.0,0.8,0.8,0.5,0.785242443245134,0.785242443245134,0.5,0.5686531714991153
around 20 % Block Groups that have predominantly single big family AND practically worthless are aged,0.014126876215070099,0.5,0.5454545454545454,0.03924545454545458,1.0,0.6283077811150161,0.6283077811150161,0.5,0.785242443245134,0.785242443245134,0.5,0.5387206659032154
nearly 1/3 Block Groups that have predominantly single big family AND practically worthless are aged,1.0,0.5,0.5454545454545454,0.03924545454545458,1.0,0.8,0.8,0.5,0.785242443245134,0.785242443245134,0.5,0.6595622624082063
approximately half Block Groups that have predominantly single big family AND practically worthless are aged,0.0,0.5,0.5454545454545454,0.03924545454545458,1.0,0.7,0.7,0.5,0.785242443245134,0.785242443245134,0.5,0.550471353317297
most Block Groups that have predominantly single big family AND practically worthless are aged,0.0,0.5,0.5454545454545454,0.03924545454545458,1.0,0.55,0.55,0.5,0.785242443245134,0.785242443245134,0.5,0.5231986260445698
almost all Block Groups that have predominantly single big family AND practically worthless are aged,0.0,0.5,0.5454545454545454,0.03924545454545458,1.0,0.8,0.8,0.5,0.785242443245134,0.785242443245134,0.5,0.5686531714991153
