Summary,t1,t2,t3,t4,t5,t6,t7,t8,t9,t10,t11,T
almost_none Block Groups that have predominantly single big family are aged,0.0,0.5,0.6148548942449582,0.030154894244958208,1.0,0.8,0.8,0.5,0.736842105263158,0.736842105263158,1.0,0.6107903635469303
around 20 % Block Groups that have predominantly single big family are aged,0.0,0.5,0.6148548942449582,0.030154894244958208,1.0,0.6283077811150161,0.6283077811150161,0.5,0.736842105263158,0.736842105263158,1.0,0.5795735964769332
nearly 1/3 Block Groups that have predominantly single big family are aged,0.38498866973612045,0.5,0.6148548942449582,0.030154894244958208,1.0,0.8,0.8,0.5,0.736842105263158,0.736842105263158,1.0,0.6457893335229412
approximately half Block Groups that have predominantly single big family are aged,0.6535101972374916,0.5,0.6148548942449582,0.030154894244958208,1.0,0.7,0.7,0.5,0.736842105263158,0.736842105263158,1.0,0.6520185632957931
most Block Groups that have predominantly single big family are aged,0.0,0.5,0.6148548942449582,0.030154894244958208,1.0,0.55,0.55,0.5,0.736842105263158,0.736842105263158,1.0,0.5653358180923848
almost all Block Groups that have predominantly single big family are aged,0.0,0.5,0.6148548942449582,0.030154894244958208,1.0,0.8,0.8,0.5,0.736842105263158,0.736842105263158,1.0,0.6107903635469303
