Summary,t1,t2,t3,t4,t5,t6,t7,t8,t9,t10,t11,T
almost_none Block Groups that are practically worthless are aged AND predominantly single big family,0.4789887105888586,0.6372618749449942,0.2650469353948095,0.027307915394809507,0.5,0.8,0.8,0.6372618749449942,0.824740928903386,0.824740928903386,1.0,0.6177590153704763
around 20 % Block Groups that are practically worthless are aged AND predominantly single big family,0.35613840986938794,0.6372618749449942,0.2650469353948095,0.027307915394809507,0.5,0.6283077811150161,0.6283077811150161,0.6372618749449942,0.824740928903386,0.824740928903386,1.0,0.5753740391441636
nearly 1/3 Block Groups that are practically worthless are aged AND predominantly single big family,0.0,0.6372618749449942,0.2650469353948095,0.027307915394809507,0.5,0.8,0.8,0.6372618749449942,0.824740928903386,0.824740928903386,1.0,0.5742145871351255
approximately half Block Groups that are practically worthless are aged AND predominantly single big family,0.0,0.6372618749449942,0.2650469353948095,0.027307915394809507,0.5,0.7,0.7,0.6372618749449942,0.824740928903386,0.824740928903386,1.0,0.5560327689533072
most Block Groups that are practically worthless are aged AND predominantly single big family,0.0,0.6372618749449942,0.2650469353948095,0.027307915394809507,0.5,0.55,0.55,0.6372618749449942,0.824740928903386,0.824740928903386,1.0,0.52876004168058
almost all Block Groups that are practically worthless are aged AND predominantly single big family,0.0,0.6372618749449942,0.2650469353948095,0.027307915394809507,0.5,0.8,0.8,0.6372618749449942,0.824740928903386,0.824740928903386,1.0,0.5742145871351255
