Summary,t1,t2,t3,t4,t5,t6,t7,t8,t9,t10,t11,T
almost_none Block Groups that are aged are predominantly single big family AND practically worthless,1.0,0.785242443245134,0.08209338122113904,0.008458121221139037,0.5,0.8,0.8,0.785242443245134,0.5,0.5,1.0,0.6146396717211406
around 20 % Block Groups that are aged are predominantly single big family AND practically worthless,0.0026001054605851873,0.785242443245134,0.08209338122113904,0.008458121221139037,0.5,0.6283077811150161,0.6283077811150161,0.785242443245134,0.5,0.5,1.0,0.49275018696574213
nearly 1/3 Block Groups that are aged are predominantly single big family AND practically worthless,0.0,0.785242443245134,0.08209338122113904,0.008458121221139037,0.5,0.8,0.8,0.785242443245134,0.5,0.5,1.0,0.5237305808120497
approximately half Block Groups that are aged are predominantly single big family AND practically worthless,0.0,0.785242443245134,0.08209338122113904,0.008458121221139037,0.5,0.7,0.7,0.785242443245134,0.5,0.5,1.0,0.5055487626302314
most Block Groups that are aged are predominantly single big family AND practically worthless,0.0,0.785242443245134,0.08209338122113904,0.008458121221139037,0.5,0.55,0.55,0.785242443245134,0.5,0.5,1.0,0.4782760353575042
almost all Block Groups that are aged are predominantly single big family AND practically worthless,0.0,0.785242443245134,0.08209338122113904,0.008458121221139037,0.5,0.8,0.8,0.785242443245134,0.5,0.5,1.0,0.5237305808120497
