Summary,t1,t2,t3,t4,t5,t6,t7,t8,t9,t10,t11,T
almost_none Block Groups that have predominantly single big family are practically worthless,0.5151998631550857,0.824740928903386,0.2164289227742253,0.03532892277422528,1.0,0.8,0.8,0.824740928903386,0.736842105263158,0.736842105263158,1.0,0.6809203433669659
around 20 % Block Groups that have predominantly single big family are practically worthless,0.3028738049690235,0.824740928903386,0.2164289227742253,0.03532892277422528,1.0,0.6283077811150161,0.6283077811150161,0.824740928903386,0.736842105263158,0.736842105263158,1.0,0.6304012073709632
nearly 1/3 Block Groups that have predominantly single big family are practically worthless,0.0,0.824740928903386,0.2164289227742253,0.03532892277422528,1.0,0.8,0.8,0.824740928903386,0.736842105263158,0.736842105263158,1.0,0.634083992171049
approximately half Block Groups that have predominantly single big family are practically worthless,0.0,0.824740928903386,0.2164289227742253,0.03532892277422528,1.0,0.7,0.7,0.824740928903386,0.736842105263158,0.736842105263158,1.0,0.6159021739892308
most Block Groups that have predominantly single big family are practically worthless,0.0,0.824740928903386,0.2164289227742253,0.03532892277422528,1.0,0.55,0.55,0.824740928903386,0.736842105263158,0.736842105263158,1.0,0.5886294467165035
almost all Block Groups that have predominantly single big family are practically worthless,0.0,0.824740928903386,0.2164289227742253,0.03532892277422528,1.0,0.8,0.8,0.824740928903386,0.736842105263158,0.736842105263158,1.0,0.634083992171049
