Summary,t1,t2,t3,t4,t5,t6,t7,t8,t9,t10,t11,T
almost_none Block Groups that are aged have predominantly single big family,0.0,0.736842105263158,0.4275696938600992,0.02096969386009917,1.0,0.8,0.8,0.736842105263158,0.5,0.5,1.0,0.5929294180224105
around 20 % Block Groups that are aged have predominantly single big family,0.38680379930731884,0.736842105263158,0.4275696938600992,0.02096969386009917,1.0,0.6283077811150161,0.6283077811150161,0.736842105263158,0.5,0.5,1.0,0.5968766327076241
nearly 1/3 Block Groups that are aged have predominantly single big family,0.3782871203370398,0.736842105263158,0.4275696938600992,0.02096969386009917,1.0,0.8,0.8,0.736842105263158,0.5,0.5,1.0,0.6273191562348687
approximately half Block Groups that are aged have predominantly single big family,0.0,0.736842105263158,0.4275696938600992,0.02096969386009917,1.0,0.7,0.7,0.736842105263158,0.5,0.5,1.0,0.5747475998405922
most Block Groups that are aged have predominantly single big family,0.0,0.736842105263158,0.4275696938600992,0.02096969386009917,1.0,0.55,0.55,0.736842105263158,0.5,0.5,1.0,0.547474872567865
almost all Block Groups that are aged have predominantly single big family,0.0,0.736842105263158,0.4275696938600992,0.02096969386009917,1.0,0.8,0.8,0.736842105263158,0.5,0.5,1.0,0.5929294180224105
