Summary,t1,t2,t3,t4,t5,t6,t7,t8,t9,t10,t11,T
almost_none Block Groups that are aged AND predominantly single big family are practically worthless,0.6519222102431806,0.824740928903386,0.192,0.010899999999999993,1.0,0.8,0.8,0.824740928903386,0.6372618749449942,0.6372618749449942,0.5,0.6253479834490855
around 20 % Block Groups that are aged AND predominantly single big family are practically worthless,0.1477089409219204,0.824740928903386,0.192,0.010899999999999993,1.0,0.6283077811150161,0.6283077811150161,0.824740928903386,0.6372618749449942,0.6372618749449942,0.5,0.5482936464407921
nearly 1/3 Block Groups that are aged AND predominantly single big family are practically worthless,0.0,0.824740928903386,0.192,0.010899999999999993,1.0,0.8,0.8,0.824740928903386,0.6372618749449942,0.6372618749449942,0.5,0.5660823279724327
approximately half Block Groups that are aged AND predominantly single big family are practically worthless,0.0,0.824740928903386,0.192,0.010899999999999993,1.0,0.7,0.7,0.824740928903386,0.6372618749449942,0.6372618749449942,0.5,0.5479005097906146
most Block Groups that are aged AND predominantly single big family are practically worthless,0.0,0.824740928903386,0.192,0.010899999999999993,1.0,0.55,0.55,0.824740928903386,0.6372618749449942,0.6372618749449942,0.5,0.5206277825178873
almost all Block Groups that are aged AND predominantly single big family are practically worthless,0.0,0.824740928903386,0.192,0.010899999999999993,1.0,0.8,0.8,0.824740928903386,0.6372618749449942,0.6372618749449942,0.5,0.5660823279724327
