Summary,t1,t2,t3,t4,t5,t6,t7,t8,t9,t10,t11,T
almost_none Block Groups that are practically worthless are predominantly single big family,0.0,0.736842105263158,0.48591938155715075,0.07931938155715074,1.0,0.8,0.8,0.736842105263158,0.824740928903386,0.824740928903386,1.0,0.6625822574043082
around 20 % Block Groups that are practically worthless are predominantly single big family,0.002996484653686843,0.736842105263158,0.48591938155715075,0.07931938155715074,1.0,0.6283077811150161,0.6283077811150161,0.736842105263158,0.824740928903386,0.824740928903386,1.0,0.6316378980301008
nearly 1/3 Block Groups that are practically worthless are predominantly single big family,0.8839418606065437,0.736842105263158,0.48591938155715075,0.07931938155715074,1.0,0.8,0.8,0.736842105263158,0.824740928903386,0.824740928903386,1.0,0.7429406083685395
approximately half Block Groups that are practically worthless are predominantly single big family,0.2044523254541108,0.736842105263158,0.48591938155715075,0.07931938155715074,1.0,0.7,0.7,0.736842105263158,0.824740928903386,0.824740928903386,1.0,0.6629870142637728
most Block Groups that are practically worthless are predominantly single big family,0.0,0.736842105263158,0.48591938155715075,0.07931938155715074,1.0,0.55,0.55,0.736842105263158,0.824740928903386,0.824740928903386,1.0,0.6171277119497627
almost all Block Groups that are practically worthless are predominantly single big family,0.0,0.736842105263158,0.48591938155715075,0.07931938155715074,1.0,0.8,0.8,0.736842105263158,0.824740928903386,0.824740928903386,1.0,0.6625822574043082
