N,west_germany,usa,france,uk,canada,japan,west_germany_recall,west_germany_precision,west_germany_f1,usa_recall,usa_precision,usa_f1,france_recall,france_precision,france_f1,uk_recall,uk_precision,uk_f1,canada_recall,canada_precision,canada_f1,japan_recall,japan_precision,japan_f1,accuracy,recall,precision,f1
2,9,537,0,38,59,7,0.1111111111111111,1.0,0.11609110947832477,0.0856610800744879,0.9583333333333334,0.10049361890408307,0.0,0.0,0.0,0.15789473684210525,0.6,0.13735149232106633,0.3220338983050847,0.5757575757575758,0.1764740462053965,1.0,0.012544802867383513,0.2167352537722908,0.8930500162919517,0.12153846153846154,0.1110128700731115,0.12153846153846154
3,9,537,0,38,59,7,0.0,0.0,0.0,0.08752327746741155,0.94,0.10122038765254845,0.0,0.0,0.0,0.13157894736842105,0.5555555555555556,0.12552301255230125,0.3220338983050847,0.6785714285714286,0.17484662576687116,1.0,0.012433392539964476,0.21428571428571425,0.8707905525301618,0.12,0.1091402670256175,0.12
5,9,537,0,38,59,7,0.0,0.0,0.0,0.9553072625698324,0.8694915254237288,0.8904538641866184,0.0,0.0,0.0,0.13157894736842105,0.5555555555555556,0.22729178897928373,0.3220338983050847,0.5757575757575758,0.46462732358779996,0.7142857142857143,0.2777777777777778,0.7694491766042022,0.8060649256581459,0.8338461538461538,0.79939995288821,0.8338461538461538
8,9,537,0,38,59,7,0.0,0.0,0.0,0.9664804469273743,0.8678929765886287,0.9005709074673938,0.0,0.0,0.0,0.13157894736842105,0.5555555555555556,0.22763146963529118,0.3220338983050847,0.6551724137931034,0.46604896826462555,0.7142857142857143,0.35714285714285715,0.7733559130680214,0.8128074030046121,0.8430769230769231,0.8079491595003392,0.8430769230769231
10,9,537,0,38,59,7,0.0,0.0,0.0,0.9683426443202979,0.8695652173913043,0.9022570648833068,0.0,0.0,0.0,0.13157894736842105,0.5555555555555556,0.22768745852687458,0.3220338983050847,0.6551724137931034,0.46628372186585015,0.7142857142857143,0.35714285714285715,0.7740025377132385,0.8141889311754379,0.8446153846153847,0.8093737301852844,0.8446153846153847
15,9,537,0,38,59,7,0.0,0.0,0.0,0.9795158286778398,0.8608837970540099,0.9061894821558814,0.0,0.0,0.0,0.02631578947368421,0.5,0.05103846512061097,0.2711864406779661,0.7619047619047619,0.4103716184592343,0.7142857142857143,0.3125,0.7733559130680214,0.8129761230313604,0.8430769230769231,0.7972132776505576,0.8430769230769231
