Summary,t1,t2,t3,t4,t5,t6,t7,t8,t9,t10,t11,T
almost_none Block Groups have predominantly single big family AND practically worthless,1.0,0.785242443245134,0.088,0.014364739999999987,0.5,0.8,0.8,0.785242443245134,0.0,0.0,0.5,0.4793499660445699
around 20 % Block Groups have predominantly single big family AND practically worthless,0.002621574809118113,0.785242443245134,0.088,0.014364739999999987,0.5,0.6283077811150161,0.6283077811150161,0.785242443245134,0.0,0.0,0.5,0.35746243304812897
nearly 1/3 Block Groups have predominantly single big family AND practically worthless,0.0,0.785242443245134,0.088,0.014364739999999987,0.5,0.8,0.8,0.785242443245134,0.0,0.0,0.5,0.3884408751354789
approximately half Block Groups have predominantly single big family AND practically worthless,0.0,0.785242443245134,0.088,0.014364739999999987,0.5,0.7,0.7,0.785242443245134,0.0,0.0,0.5,0.3702590569536607
most Block Groups have predominantly single big family AND practically worthless,0.0,0.785242443245134,0.088,0.014364739999999987,0.5,0.55,0.55,0.785242443245134,0.0,0.0,0.5,0.34298632968093345
almost all Block Groups have predominantly single big family AND practically worthless,0.0,0.785242443245134,0.088,0.014364739999999987,0.5,0.8,0.8,0.785242443245134,0.0,0.0,0.5,0.3884408751354789
