Summary,t1,t2,t3,t4,t5,t6,t7,t8,t9,t10,t11,T
almost_none Block Groups have predominantly single big family,0.0,0.736842105263158,0.4066,0.0,1.0,0.8,0.8,0.736842105263158,0.0,0.0,1.0,0.49820765550239243
around 20 % Block Groups have predominantly single big family,0.8829719325001962,0.736842105263158,0.4066,0.0,1.0,0.6283077811150161,0.6283077811150161,0.736842105263158,0.0,0.0,1.0,0.5472610641142314
nearly 1/3 Block Groups have predominantly single big family,0.0,0.736842105263158,0.4066,0.0,1.0,0.8,0.8,0.736842105263158,0.0,0.0,1.0,0.49820765550239243
approximately half Block Groups have predominantly single big family,0.0,0.736842105263158,0.4066,0.0,1.0,0.7,0.7,0.736842105263158,0.0,0.0,1.0,0.48002583732057413
most Block Groups have predominantly single big family,0.0,0.736842105263158,0.4066,0.0,1.0,0.55,0.55,0.736842105263158,0.0,0.0,1.0,0.4527531100478469
almost all Block Groups have predominantly single big family,0.0,0.736842105263158,0.4066,0.0,1.0,0.8,0.8,0.736842105263158,0.0,0.0,1.0,0.49820765550239243
