Summary,t1,t2,t3,t4,t5,t6,t7,t8,t9,t10,t11,T
almost_none Block Groups are aged AND predominantly single big family,0.7104559743033553,0.6372618749449942,0.25,0.012260980000000005,0.5,0.8,0.8,0.6372618749449942,0.0,0.0,0.5,0.44065824583575863
around 20 % Block Groups are aged AND predominantly single big family,0.10317129525227096,0.6372618749449942,0.25,0.012260980000000005,0.5,0.6283077811150161,0.6283077811150161,0.6372618749449942,0.0,0.0,0.5,0.3542337806702084
nearly 1/3 Block Groups are aged AND predominantly single big family,0.0,0.6372618749449942,0.25,0.012260980000000005,0.5,0.8,0.8,0.6372618749449942,0.0,0.0,0.5,0.3760713390809081
approximately half Block Groups are aged AND predominantly single big family,0.0,0.6372618749449942,0.25,0.012260980000000005,0.5,0.7,0.7,0.6372618749449942,0.0,0.0,0.5,0.3578895208990899
most Block Groups are aged AND predominantly single big family,0.0,0.6372618749449942,0.25,0.012260980000000005,0.5,0.55,0.55,0.6372618749449942,0.0,0.0,0.5,0.3306167936263626
almost all Block Groups are aged AND predominantly single big family,0.0,0.6372618749449942,0.25,0.012260980000000005,0.5,0.8,0.8,0.6372618749449942,0.0,0.0,0.5,0.3760713390809081
