Summary,t1,t2,t3,t4,t5,t6,t7,t8,t9,t10,t11,T
almost_none Block Groups are aged AND predominantly single big family AND practically worthless,1.0,0.7153645613774966,0.048,0.004945463477999998,0.25,0.8,0.8,0.7153645613774966,0.0,0.0,0.25,0.41669768965754483
around 20 % Block Groups are aged AND predominantly single big family AND practically worthless,0.0,0.7153645613774966,0.048,0.004945463477999998,0.25,0.6283077811150161,0.6283077811150161,0.7153645613774966,0.0,0.0,0.25,0.2945718316784568
nearly 1/3 Block Groups are aged AND predominantly single big family AND practically worthless,0.0,0.7153645613774966,0.048,0.004945463477999998,0.25,0.8,0.8,0.7153645613774966,0.0,0.0,0.25,0.3257885987484539
approximately half Block Groups are aged AND predominantly single big family AND practically worthless,0.0,0.7153645613774966,0.048,0.004945463477999998,0.25,0.7,0.7,0.7153645613774966,0.0,0.0,0.25,0.3076067805666357
most Block Groups are aged AND predominantly single big family AND practically worthless,0.0,0.7153645613774966,0.048,0.004945463477999998,0.25,0.55,0.55,0.7153645613774966,0.0,0.0,0.25,0.2803340532939085
almost all Block Groups are aged AND predominantly single big family AND practically worthless,0.0,0.7153645613774966,0.048,0.004945463477999998,0.25,0.8,0.8,0.7153645613774966,0.0,0.0,0.25,0.3257885987484539
